"Name","Company","Street","City","State","Zip","AgentID","OfficeID","License","OfficePhone","WorkPhone","OfficeFax","Cell","Email","Website"
"Lucia Llerena","Realty One Group Evolution","2282 NW 79th Ave","Miami","FL","33122","SEF3465259","SEFLUXR1","3465259","(786) 477-4715","(954) 258-0289","(305) 328-9352","(954) 258-0289","lucia.llerena@protonmail.com",""
"Niccolo Gargiulo","Venture Realty Group","221 E. Commercial Blvd","Oakland Park","FL","33334","276616862","279606406","3458090","(561) 419-2523","(954) 993-3128","(954) 726-5584","(954) 993-3128","nicogargi.realtor@gmail.com",""
"Evelyn Ocando Plata","First Step Realty Group","7270 NW 12th St. , Ph #9","Miami","FL","33126","SEF3457444","SEFFRSP01","3457444","(786) 641-6840","(754) 265-4857","(786) 272-0013","(754) 265-4857","EvelynOcando10@Gmail.com","http://FirstStepRealtyGroup.com"
"Alessandra Zaccagna","The Keyes Company","2822 NE 187th Street","Aventura","FL","33180","SEF3456653","SEFKEYE17","3456653","(305) 931-8920","(954) 404-4174","(305) 931-9853","(954) 404-4174","alessa.zaccagna@gmail.com","http://www.keyes.com/"
"Jennifer Ralston","RE/MAX 5 Star Realty","4151 Hollywood Blvd","Hollywood","FL","33021","SEF3339993","SEFDBRG01","3339993","(954) 361-0000","(954) 298-3309","(954) 361-0070","(954) 298-3309","jenryan224@gmail.com",""
"Lambert Wu","Rainbow Investment Realty Inc","242 S Federal Highway","Dania Beach","FL","33004","0622776","RBWI","0622776","(954) 927-5291","(954) 483-5111","(954) 919-9918","(954) 483-5111","lambertwu@yahoo.com",""
"Elizaveta Basov","Julies Realty, LLC","1700 Kennedy Causeway","North Bay Village","FL","33141","SEF3446725","SEFJULS01","3446725","(305) 751-6400","(323) 471-5777","(786) 517-2960","(323) 471-5777","el.desyatova@gmail.com",""
"Teofil Kapp","A J Ryan Realty","34 Nw 1 Avenue","Dania","FL","33004","629826","AJRR01","629826","(954) 926-6040","(954) 803-3876","(954) 926-5554","(954) 803-3876","kapp002@hotmail.com",""
"Bob Lizana","A J Ryan Realty","34 Nw 1 Avenue","Dania","FL","33004","451569","AJRR01","451569","(954) 926-6040","(954) 579-1161","(954) 926-5554","(954) 579-1161","bob@boblizana.com",""
"Robert Taschereau","Southeast Real Estate, Inc.","P O Box 221485","Hollywood","FL","33022","0591337","SEST","0591337","(954) 922-3990","(954) 922-3990","","(954) 922-3990","robertsoutheast3@gmail.com","RobertTaschereau.com"
"Joseph Petruzzelli","Paterno Investments Inc","216 SE 8th Street","Dania","FL","33004","0514993","PTRN","0514993","(305) 893-3355","(954) 922-1013","(305) 893-3355","","jpetruzz@bellsouth.net",""
"Ibis Morin","Southeast Real Estate, Inc.","P O Box 221485","Hollywood","FL","33022","3144191","SEST","3144191","(954) 922-3990","(954) 296-0118","","(954) 296-0118","ibis6798@aol.com","RobertTaschereau.com"
"Michel Jekic","Ocean Homes Realty, Inc","1450 E Sheridan St","Dania","FL","33004","634765","OCNH","634765","(954) 921-2550","(954) 732-9944","(954) 921-4307","(954) 732-9944","jekicm@hotmail.com",""
"Stacey Rasner","Landmark IV Realty Inc","3990 Sheridan Street","Hollywood","FL","33021","3062995","LNDF01","3062995","(954) 981-4004","(954) 562-5733","(954) 981-9060","(954) 562-5733","staceyrasner@aol.com","http://landmarkivrealty@yahoo.com"
"Nicolina Gianzero Felaco","Luxury Living Listings","1111 Kane Concourse","Bay Harbor Islands","FL","33154","3398750","279582413","3398750","(305) 868-0879","(305) 213-6316","","(305) 213-6316","mnexclusiveservices@gmail.com","http://www.luxurylivinglistings.com"
"Imad Youssef","A J Ryan Realty","34 Nw 1 Avenue","Dania","FL","33004","0652742","AJRR01","0652742","(954) 926-6040","(954) 662-6080","(954) 926-5554","(954) 662-6080","imadyoussef@msn.com",""
"Laura Lombardo","RE/MAX Allstars","3100 Stirling Rd","Hollywood","FL","33021","3171774","279501797","3171774","(954) 963-7111","(954) 258-1985","(954) 963-7110","(954) 258-1985","laurarose917@gmail.com",""
"Darryl Halprin","Sunshine Realty","600 N Surf Road","Hollywood","FL","33019","0681508","SNSH","0681508","(954) 920-9679","(954) 234-0234","(954) 920-6407","(954) 234-0234","dhalprinrealestate@gmail.com",""
"Louise Kohlmann","A J Ryan Realty","34 Nw 1 Avenue","Dania","FL","33004","0353371","AJRR01","0353371","(954) 926-6040","(954) 927-8934","(954) 926-5554","(954) 993-3442","louisekohlmann@comcast.net",""
"Albert Jones","Classic Properties","10233 SW 50th Street","Cooper City","FL","33328","045011","CLSC03","045011","(954) 791-1410","(954) 920-0727","(954) 791-1447","(954) 240-9340","komish722@gmail.com",""
"Lynne Favrot","A J Ryan Realty","34 Nw 1 Avenue","Dania","FL","33004","495500","AJRR01","495500","(954) 926-6040","(954) 593-3033","(954) 926-5554","(954) 593-3033","lynnefavrot@icloud.com",""
"Jean Cook","Jean Cook Realty Inc","46 Sw 1 Avenue","Dania","FL","33004","0016842","1436","0016842","(954) 920-7684","(954) 296-4174","(954) 920-7687","(954) 296-4174","Jeancookrealty46@gmail.com",""
"Patricia Hart","Classic Properties","10233 SW 50th Street","Cooper City","FL","33328","0479660","CLSC03","0479660","(954) 791-1410","(954) 922-8179","(954) 791-1447","(954) 922-8179","pbubbahart@bellsouth.net",""
"Karlie Kelley","A J Ryan Realty","34 Nw 1 Avenue","Dania","FL","33004","0637271","AJRR01","0637271","(954) 926-6040","(954) 801-8287","(954) 926-5554","(954) 801-8287","kkelleygreen@aol.com",""
"Gregory Karan","A J Ryan Realty","34 Nw 1 Avenue","Dania","FL","33004","3413182","AJRR01","3413182","(954) 926-6040","(954) 275-9913","(954) 926-5554","(954) 275-9913","Karan6280@att.net",""
"John Ryan","A J Ryan Realty","34 Nw 1 Avenue","Dania","FL","33004","0506936","AJRR01","0506936","(954) 926-6040","(954) 926-6040","(954) 926-5554","(954) 258-5900","ajryan1@bellsouth.net",""
"Archibald Ryan","A J Ryan Realty","34 Nw 1 Avenue","Dania","FL","33004","3264929","AJRR01","3264929","(954) 926-6040","(954) 937-2111","(954) 926-5554","","AJRYANIV@gmail.com",""
"Antonia Schlichte","Sunshine Realty","600 N Surf Road","Hollywood","FL","33019","3056359","SNSH","3056359","(954) 920-9679","(954) 882-4500","(954) 920-6407","(954) 882-4500","tonischlichte@gmail.com",""
"Richard Bettor","A J Ryan Realty","34 Nw 1 Avenue","Dania","FL","33004","0308990","AJRR01","0308990","(954) 926-6040","(754) 246-9296","(954) 926-5554","(754) 246-9296","rbettor@gmail.com",""
"Bonnie Carlton","Beachfront Realty","9672 Pines Blvd","Pembroke Pines","FL","33024","3261457","ROBR03","3261457","(954) 667-5000","(954) 629-6006","(954) 667-4321","(954) 629-6006","Bcarlton917@gmail.com",""
"Svetlana Kim","Canvas Real Estate","800 SE 4 Ave Ste 612","Hallandale","FL","33009","SEF3447366","SEFCREE07","3447366","(754) 704-4242","(954) 544-8530","","(954) 544-8530","kimluxuryhomes@gmail.com",""
"Elina Fomine","Investment Rlty Group, Inc.","120 E. Oakland Park Blvd.","Ft. Lauderdale","FL","33334","SEF3435716","SEFIVST01","3435716","(305) 496-1827","(662) 312-0813","(305) 675-0852","(662) 312-0813","elinkasmirnova1990@aol.com",""
"Darilys Rodriguez","Canvas Real Estate","2734 E Oakland Park Blvd","Fort Lauderdale","FL","33306","SEF3445852","SEFCREE01","3445852","(954) 880-2550","(786) 488-5860","(954) 396-4455","(786) 488-5860","agentdarilys@gmail.com","https://www.canvasre.com/"
"Ekaterina Pavlova","Big International Realty, Inc.","400 Sunny Isles Boulevard","Sunny Isle Beach","FL","33160","SEF3443275","SEFELIN01","3443275","(305) 931-9063","(305) 206-4297","(305) 931-5354","(305) 206-4297","kapavfitness@gmail.com",""
"Daniel Burgueno","Yaffe International Realty","19300 W Dixie Hwy","Aventura","FL","33180","SEF3423819","SEFYAFF01","3423819","(305) 741-0002","(954) 274-1973","(305) 933-2835","(954) 274-1973","dfburgueno@gmail.com",""
"Alejandro Loria","Gilvan Realty Corp.","5461 N University Drive","Coral Springs","FL","33067","SEF3435782","SEFGILR01","3435782","(954) 825-5722","(786) 499-9923","","(786) 499-9923","aloria@gilvanrealty.com","http://www.gilvanrealty.com"
"Richard Jordan","Florida Capital Realty","8001 SW 24th St.","Miami","FL","33155","276556582","802610","3437298","(786) 953-5870","(954) 296-2687","(866) 735-7140","(954) 296-2687","j@rdan.co","http://www.floridacapitalrealty.com"
"Edward Hemighaus","Robert Slack LLC","3220 SW 31st Road","Ocala","FL","34474","SEF3437831","SEFRJFH01","3437831","(352) 363-6982","(954) 355-9941","","(954) 355-9941","eddieh1960@gmail.com","http://www.robertslack.net"
"Jennifer Bieger","Signature Waterview Properties","9080 Kimberly Blvd #12","Boca Raton","FL","33434","276551331","276547242","3430656","(954) 278-8784","(954) 549-7888","","(954) 549-7888","Jenn@signatureflorida.com","http://signaturewaterview.com"
"Wenli Brown","The Keyes Company","4700 Sheridan St","Hollywood","FL","33021","SEF3431502","SEFKEYE31","3431502","(954) 893-1322","(954) 609-4972","(954) 987-6432","(954) 609-4972","Wenlibrown@keyes.com","http://www.keyes.com/"
"Valerie Nicholas","MMLS Assoc.-Inactive Member","700 S. Royal Poinciana Blvd.","Miami","FL","33166","SEF3042772","SEFTERM","3042772","(305) 468-7000","(954) 709-5058","(305) 468-7000","(954) 709-5058","valerieanne0918@gmail.com",""
"Adriana Virijevic Cuadros","Robert Slack LLC","3220 SW 31st Road","Ocala","FL","34474","SEF3428434","SEFRJFH01","3428434","(352) 363-6982","(561) 455-6958","","(561) 455-6958","avirijevic@gmail.com","http://www.robertslack.net"
"Esthela Martin","South Florida Pro Realty Inc","1234 Johnson Street","Hollywood","FL","33019","SEF3068284","SEFSFPP01","3068284","(954) 559-0483","(954) 559-0483","","(954) 559-0483","southfloridarealty1@gmail.com",""
"Martin Urquizo","LoKation Real Estate","1500 E. Atlantic Blvd.","Pompano Beach","FL","33060","276547083","802518","3417135","(954) 545-5583","(305) 801-2462","(954) 543-1818","(305) 801-2462","martinpaulurquizo@hotmail.com","https://kcorealty.com/"
"Xiao Chen","MMLS Assoc.-Inactive Member","700 S. Royal Poinciana Blvd.","Miami","FL","33166","SEF3415896","SEFTERM","3415896","(305) 468-7000","(646) 835-9195","(305) 468-7000","","amychen380@gmail.com",""
"Luis Riascos","BrokerNation Real Estate","1801 NE 123 Street","Miami","FL","33181","SEF3417024","SEFCPES01","3417024","(305) 602-4410","(954) 683-2784","(305) 895-1919","","luisriascos14@hotmail.com",""
"Laura Real Medero","Realty Home Advisors Inc","9174 Glades Rd","Boca Raton","FL","33434","276546584","276543357","3345565","(561) 613-0393","(954) 781-8500","(561) 451-9377","(407) 928-4203","accounting@palmairerealtygroup.com",""
"Marie Jean Faublas","Macken Realty Inc","888 E. Las Olas Blvd","Fort Lauderdale","FL","33301","SEF3416228","SEFMACK02","3416228","(954) 617-8400","(347) 878-4326","(305) 948-9881","(347) 878-4326","mjean-faublas@mackenrealty.com",""
"Jaime Perez","EXP Realty LLC","5039 Ocean Blvd","Siesta Key","FL","34242","279600317","261010944","3332715","(888) 883-8509","(954) 815-2114","(941) 315-8557","(954) 815-2114","jaime@thejaimeperez.com","www.exprealty.com"
"Naibis Grimon","AVYA Corp","11098 Biscayne Blvd","Miami","FL","33161","SEF3400595","SEFAVYR01","3400595","(786) 444-9507","(954) 235-7866","","(954) 235-7866","naibis.grimon@gmail.com",""
"Jamie Kerezman","La Playa Properties Group Inc","2275 Biscayne Blvd.","Miami","FL","33137","SEF3412724","SEFLPGI01","3412724","(305) 672-0773","(347) 542-6428","(305) 672-0874","(347) 542-6428","Jlk.miami.realtor@gmail.com",""
"Jennifer Mattos","EXP Realty LLC","5039 Ocean Blvd.","Siesta Key","FL","34242","SEF3410627","SEFEXPP01","3410627","(888) 883-8509","(305) 400-9910","(941) 315-8557","","sfhomesbyjen@gmail.com","www.exprealty.com"
"Nicole Alario","LoKation Real Estate","1500 E. Atlantic Blvd.","Pompano Beach","FL","33060","276545991","802518","3411467","(954) 545-5583","(954) 493-3130","(954) 543-1818","","Nikki@NikkiAlario.com","https://kcorealty.com/"
"Andrea Kmetz","Diamond Realty SF LLC","5458 Steeple Chase","Boca Raton","FL","33496","276545186","278012795","3407131","(954) 668-7060","","","(954) 235-0589","akmetz@me.com",""
"Maria Silvina Castro","Keller Williams Capital Realty","550 Biltmore Way","Coral Gables","FL","33134","SEF3402897","SEFKWCG01","3402897","(305) 662-7325","(954) 543-2806","(305) 667-8879","(954) 543-2806","castroms@hotmail.com","http://coralgables.yourkwoffice.com/"
"Leonor Ortiz","InvesTeam Realty","3515 NW 113 Ct","Doral","FL","33178","SEF3024358","SEFIVTE01","3024358","(866) 958-9992","(954) 802-6868","(305) 675-2352","(954) 802-6868","leonor954@yahoo.com","http://www.investeamrealty.com"
"Barbara Hale","Galleria International Realty","945 E Las Olas Blvd","Ft. Lauderdale","FL","33301","SEF3399591","SEFCIRF03","3399591","(954) 229-2222","(239) 218-5239","(954) 357-1977","(239) 218-5239","barbhale2017@gmail.com","http://www.galleriarealtors.com"
"Mary Lynn Bellitto Lee","Venture Realty Group","221 E. Commercial Blvd","Oakland Park","FL","33334","SEF3268929","SEFDMLL01","3268929","(561) 419-2523","(786) 290-0370","(954) 726-5584","(786) 290-0370","marylynnlee10@gmail.com",""
"Alexander Lvovsky","Elita Realty, Inc.","1451 W. CYPRESS CREEK RD","Fort Lauderdale","FL","33309","SEF3191638","SEFELIR01","3191638","(305) 206-4884","(786) 423-1442","","","alvovsky99@gmail.com","http://www.elitarealty.com"
"Anastasios Kalentzis","Sunny Coast Enterprise, LLC.","16850 Collins Ave","Sunny Isles Beach","FL","33160","SEF3401080","SEFSCEP01","3401080","(786) 579-1717","(786) 622-8610","(305) 974-0246","(786) 622-8610","akalentzis@gmail.com",""
"Anthony Cervoni Jr.","Redfin Corporation","6505 Blue Lagoon Dr.","Miami","FL","33126","SEF3395240","SEFREDF01","3395240","(305) 520-7399","(954) 395-6344","(305) 667-0006","(954) 395-6344","Anthony.Cervoni@Redfin.com","http://redfin.com"
"Jorge Ramirez","EXP Realty LLC","5039 Ocean Blvd.","Siesta Key","FL","34242","SEF3396281","SEFEXPP01","3396281","(888) 883-8509","(954) 224-0696","(941) 315-8557","(954) 224-0696","jr83488@gmail.com","www.exprealty.com"
"Philip Bennett","Oceanside Realty of South Florida","180 E Dania Beach Blvd","Dania Beach","FL","33004","SEF3110055","SEFPLLB01","3110055","(305) 407-0747","(305) 407-0747","","(305) 407-0747","email@philiplbennett.com",""
"Jane Miskell","BHHS EWM Realty","2750 NE 185 ST","Aventura","FL","33180","SEF3362338","SEFEWM 41","3362338","(305) 937-2003","(786) 202-7896","(305) 960-5280","(786) 202-7896","janemiskell22@hotmail.com","https://www.ewm.com/"
"Stefania Guarrasi","Realty One Group Evolution","2282 NW 79th Ave","Miami","FL","33122","SEF3389755","SEFLUXR1","3389755","(786) 477-4715","(786) 493-1558","(305) 328-9352","(786) 493-1558","sguarrasi@att.net",""
"Kimberly Blasberg PA","Keller Williams Elite Properties","20801 Biscayne Blvd","Aventura","FL","33180","SEFkimblas01","SEFEPKW01","License:","(305) 931-2224","(305) 915-4901","","(305) 915-4901","richard@bassgroup.com",""
"Sonia Rueda","17 Real Estate Brokers","2000 Ponce de Leon Blvd, #600","Coral Gables","FL","33134","SEF3389360","SEFRBRO01","3389360","(786) 693-3910","(786) 223-0441","(305) 200-0196","(786) 223-0441","soniak82@hotmail.com","http://www.17Brokers.com"
"Scarlett Vidaal","Florida Capital Realty","8001 SW 24th St.","Miami","FL","33155","SEF3356416","SEFREBB01","3356416","(786) 953-5870","(786) 226-7250","(866) 735-7140","(786) 226-7250","vidalvar@Gmail.com","http://www.floridacapitalrealty.com"
"Cheryl-Dene Spring","SOBI Capital, LLC","7900 Nova Drive","Davie","FL","33024","SEF3380708","SEFSOBI01","3380708","(954) 380-8778","(954) 444-6122","","(954) 444-6122","cdspring@sobilaw.com",""
"Peter Viens","Duffy Realty","9718 NE 2nd Ave","Miami Shores","FL","33138","SEF3133452","SEFDUFF","3133452","(305) 758-5600","(305) 206-4927","(305) 758-6276","(305) 206-4927","pviens@att.net","http://www.duffyrealty.com"
"Marina Oguzova","Florida Best Realty, Inc.","15807 Biscayne Blvd.","North Miami Beach","FL","33160","SEF3372882","SEFFLBR01","3372882","(305) 792-0800","(561) 351-1698","(305) 792-0802","(561) 351-1698","mrut1983@yahoo.com",""
"Serena Cruchelow","Laurie Finkelstein Reader Real","10187 Cleary Blvd., Ste. 102","Plantation","FL","33324","SEF3346714","SEFLFKR01","3346714","(954) 533-7443","(305) 915-7888","(954) 827-0329","(305) 915-7888","serena.cruchelow@gmail.com",""
"Yulianela Garces","RE/MAX 5 Star Realty","4151 Hollywood Blvd","Hollywood","FL","33021","SEF3370646","SEFDBRG01","3370646","(954) 361-0000","(954) 439-5906","(954) 361-0070","(754) 971-6533","garcesyulianela@gmail.com",""
"Valentina Pan","List Realty","4000 Hollywood Blvd","Hollywood","FL","33021","SEF3372670","SEFBGHH01","3372670","(954) 924-5454","(954) 257-3852","(954) 416-6038","","vpan201@gmail.com","http://www.listrealty.com"
"Esther Garcia","United Realty Group Inc","1200 S Pine Island Rd","Plantation","FL","33324","SEF3371870","SEFUNGR01","3371870","(954) 450-2000","(954) 729-8050","(954) 670-1821","(954) 729-8050","eshawgar@gmail.com",""
"France Gagne","RE/MAX On The Beach","201 N. Ocean Dr.","Hollywood","FL","33019","SEF0669408","SEFLANA01","0669408","(954) 978-9990","(954) 325-6729","(954) 978-9978","(954) 325-6729","frankiehwd@aol.com",""
"Jennifer Knafo","Beachfront Realty Inc","18205 Biscayne Blvd","Aventura","FL","33160","3072722","800165","3072722","(305) 405-0615","(954) 397-9707","(305) 933-1240","","jenniferlknafo@gmail.com",""
"Douglas Hilliard","Elite Sales Group","2665 S Bayshore Drive","Coconut Grove","FL","33133","0351671","277005018","351671","(305) 554-1544","(305) 205-9662","(305) 851-4061","(305) 205-9662","dhilliard01@aol.com",""
"Adriana Palacio","One Stop Florida Realty, LLC","1820 Harrison St","Hollywood","FL","33020","SEF3350732","SEFOSTF01","3350732","(954) 237-7784","(305) 890-0093","(954) 237-7784","(305) 890-0093","inforealty.adrianap@gmail.com",""
"Maximo Ramos","Resmart Realty Smart","2020 NE 163 ST","North Miami Beach","FL","33162","SEF3266486","SEFRSMC01","3266486","(844) 305-1777","(786) 252-1007","(844) 305-1777","(786) 252-1007","ramosmaxrealtor@gmail.com",""
"Manuel Bento","Coral Shores Realty","8320 W Sunrise Blvd Ste 104","Plantation","FL","33322","SEF3361872","SEFCRSH01","3361872","(954) 568-9698","(954) 629-4291","(954) 568-9927","(954) 629-4291","flight105@gmail.com","http://www.coralshoresrealty.com"
"Maria Rubio","MMLS Assoc.-Inactive Member","700 S. Royal Poinciana Blvd.","Miami","FL","33166","SEF3361531","SEFTERM","3361531","(305) 468-7000","(754) 234-6420","(305) 468-7000","","mariarubiorealtor@gmail.com",""
"Jeremie Akiba","Miles Goldstein Real Estate","2890 NE 187th","Aventura","FL","33180","SEF3361133","SEFMGRE01","3361133","(305) 336-6959","(305) 205-9750","","(305) 205-9750","akiba@milesgoldstein.com",""
"Carolyn Kaufman","Royal International Realty","3330 Griffin Road","Ft. Lauderdale","FL","33312","SEF3356077","SEFROYI01","3356077","(954) 252-0855","(571) 238-1489","(954) 212-0265","(571) 238-1489","carolynmkaufman@yahoo.com",""
"Stacy Buffa","MMLS Assoc.-Inactive Member","700 S. Royal Poinciana Blvd.","Miami","FL","33166","SEF3353121","SEFTERM","3353121","(305) 468-7000","(305) 586-5666","(305) 468-7000","(305) 586-5666","Stacy@kleen1.com",""
"Leona Gradascevic","Exit Ryan Scott Realty","2601 E. Oakland Park Blvd #101","Fort Lauderdale","FL","33306","3347560","800538","3347560","(954) 630-3434","(954) 478-4574","(800) 630-3504","","leona.gradascevic@gmail.com",""
"Pablo Gastaldi","Laurie Finkelstein Reader Real Estate LLMy Active Listings","10187 Cleary Blvd., Ste. 102","Plantation","FL","33324","3353661","276546706","3353661","(954) 533-7443","(954) 708-5826","(954) 827-0329","(954) 708-5826","pablo@lauriereader.com",""
"Eliad Beno","Sellmax Realty Inc","P.O. BOX 630121","Miami","FL","33163","SEF3338075","SEFSMRI01","3338075","(305) 931-1557","(786) 426-7944","(305) 931-0212","(786) 426-7944","elimiamire@gmail.com",""
"Britney Pierre","Vylla Home","725 E Palmetto Park Road","Boca Raton","FL","33432","SEF3322366","SEFATPC03","3322366","(844) 518-7284","(954) 662-4767","","(954) 662-4767","britneypierre30@gmail.com","https://www.vylla.com"
"John Ryan","A J Ryan Realty","34 Nw 1 Avenue","Dania","FL","33004","506936","AJRR01","506936","(954) 926-6040","(954) 258-5900","(954) 926-5554","(954) 258-5900","ajryan1@bellsouth.net",""
"Elizabeth Guerrero","Yaffe International Realty","19300 W Dixie Hwy","Aventura","FL","33180","SEF3347194","SEFYAFF01","3347194","(305) 741-0002","(786) 356-7219","(305) 933-2835","","rolovalch4@gmail.com",""
"Rene Rodriguez","Realty One Group Evolution","2282 NW 79th Ave","Miami","FL","33122","SEF3342374","SEFLUXR1","3342374","(786) 477-4715","(954) 997-7051","(305) 328-9352","(954) 997-7051","renerodac@gmail.com",""
"Ileana Benitez","Guardian Real Estate Co.","12555 Orange Drive","Davie","FL","33330","SEF3337979","SEFGRCO01","3337979","(954) 862-3660","(954) 822-1433","","(954) 822-1433","ileanabenitez@yahoo.com",""
"Linda Faille-Roy","Bellhome International Realty","181 SW 101Avenue","Plantation","FL","33324","3337960","BHOM01","3337960","(954) 895-3423","(954) 552-5448","(888) 491-7228","(954) 552-5448","Lindafaille@gmail.com",""
"Linda Faille-Roy","RE/MAX Reaction Realty","34 S Federal Highway Ste. A","Dania Beach","FL","33004","3335498","RMRR01","3335498","(954) 925-5545","(954) 552-5448","","(954) 552-5448","Lindafaille@gmail.com",""
"Salomon Muci","Muci Group R.E. Inv.","8200 NW 41 STREET","DORAL","FL","33166","SEF3332913","SEFMUCI01","3332913","(305) 721-2978","(786) 344-8669","","(786) 344-8669","tonymuci@gmail.com","http://www.NORAMUCI.COM"
"Patrick Phipps","Charles Rutenberg Realty Fort LauderdaMy Active Listings","2201 W Prospect Rd","Fort Lauderdale","FL","33309","3074264","276599846","3074264","(954) 396-3001","(954) 214-9299","","","patrickphippspa@gmail.com",""
"Joshua Boilard","Charles Rutenberg Realty Fort","2201 W Prospect Rd","Fort Lauderdale","FL","33309","SEF3332332","SEFCHHF01","3332332","(954) 396-3001","(954) 999-8679","","(954) 999-8679","joshuaboilard@gmail.com",""
"Iordan Stavrev","MMLS Assoc.-Inactive Member","700 S. Royal Poinciana Blvd.","Miami","FL","33166","SEF3329223","SEFTERM","3329223","(305) 468-7000","(352) 235-4792","(305) 468-7000","(352) 235-4792","jordansellsflorida@gmail.com",""
"Geiset Sanchez Gomez","Canvas Real Estate","2734 E Oakland Park Blvd","Fort Lauderdale","FL","33306","SEF3325811","SEFCREE01","3325811","(954) 880-2550","(754) 204-2149","(954) 396-4455","(754) 204-2149","geiset.sanchez@gmail.com","https://www.canvasre.com/"
"David Spring","MMLS Assoc.-Inactive Member","700 S. Royal Poinciana Blvd.","Miami","FL","33166","SEF3276430","SEFTERM","3276430","(305) 468-7000","(954) 551-7375","(305) 468-7000","(954) 551-7375","dspring@sobicapital.com",""
"Gary Coleman Jr","United Realty Group Inc","1200 S Pine Island Rd","Plantation","FL","33324","3089428","278523079","3089428","(954) 450-2000","(954) 793-8024","(954) 670-1821","","gcolejr13@bellsouth.net",""
"Jeffrey Baccari","RE/MAX 5 Star Realty","1901 Harrison St","Hollywood","FL","33021","SEF3325505","SEFDBRG03","3325505","(954) 361-1111","(954) 292-0596","(954) 361-0070","(954) 292-0596","JeffBaccariRealtor@gmail.com",""
"Elena Samigulina","First Pro International Rlty","2419 Hollywood Blvd.","Hollywood","FL","33020","SEF3324757","SEFMAXB01","3324757","(954) 391-8915","(786) 532-3337","(954) 391-9384","","elenaslim@yahoo.fr",""
"Stephanie Didona","Silver Palms Real Estate","1413 South Patrick Drive","Satellite Beach","FL","32937","3319629","268008643","3319629","(321) 212-8585","(954) 258-8265","","(954) 258-8265","smdidona59@gmail.com",""
"Cheryl-Dene Spring","MMLS Assoc.-Inactive Member","700 S. Royal Poinciana Blvd.","Miami","FL","33166","SEF3185819","SEFTERM","3185819","(305) 468-7000","(954) 444-6122","(305) 468-7000","(954) 444-6122","cdspring@sobilaw.com",""
"Franco Nisi","MMLS Assoc.-Inactive Member","700 S. Royal Poinciana Blvd.","Miami","FL","33166","SEF3318738","SEFTERM","3318738","(305) 468-7000","(954) 790-2717","(305) 468-7000","(954) 790-2717","franisi@yafferealtyusa.com",""
"Victor Galindo","Optimar International Realty","18246 Collins Avenue","Sunny Isles Beach","FL","33160","SEF3314561","SEFOPTI01","3314561","(305) 947-0477","(786) 210-9162","(305) 930-7418","(786) 210-9162","viga4@att.net","http://www.optimar.com"
"Tom Popescu","Best Realty and Prop. Mgmnt","2131 Hollywood Blvd.","Hollywood","FL","33020","3244792","BRMP","3244792","(954) 600-0445","(516) 476-4302","","(516) 476-4302","tomsoflorealtor@gmail.com",""
"Margarita Lopez","MMLS Assoc.-Inactive Member","700 S. Royal Poinciana Blvd.","Miami","FL","33166","SEF3120886","SEFTERM","3120886","(305) 468-7000","(954) 554-1290","(305) 468-7000","(954) 554-1290","margyl01@hotmail.com",""
"Willie Delouch Jr.","The Keyes Company","10091 NW 1st Ct","Plantation","FL","33324","SEF3301173","SEFKEYE21","3301173","(954) 475-9813","(954) 650-2996","(954) 424-0593","(954) 650-2996","williedelouch@keyes.com","http://www.keyes.com/"
"John Colenzo","MMLS Assoc.-Inactive Member","700 S. Royal Poinciana Blvd.","Miami","FL","33166","SEF0618640","SEFTERM","618640","(305) 468-7000","(754) 217-9431","(305) 468-7000","(754) 217-9431","john.colenzo@aol.com",""
"Lindsey Way","Douglas Elliman","450 E LAS OLAS BLVD STE 140","FORT LAUDERDALE","FL","33301","3296776","DGEF04","3296776","(954) 874-0740","(954) 804-2864","(954) 847-0749","(954) 804-2864","lindseywayrealtor@gmail.com","https://www.elliman.com/florida"
"Lourdes Alvarez","MMLS Assoc.-Inactive Member","700 S. Royal Poinciana Blvd.","Miami","FL","33166","SEF3193584","SEFTERM","3193584","(305) 468-7000","(305) 742-5388","(305) 468-7000","(305) 742-5388","suppermommydec06@aol.com",""
"Jill Keys","BEX Realty LLC","7108 Fairway Drive","Palm Beach Gardens","FL","33418","SEF3084983","SEFBCER01","3084983","(800) 700-9806","(954) 579-6575","(561) 544-3809","(954) 579-6575","jillkeys551@aol.com","http://bexrealty.com"
"Carrie Burgess","Beachfront Realty Inc","18205 Biscayne Blvd","Aventura","FL","33160","SEF3202185","SEFROBR01","3202185","(305) 405-0615","(954) 394-3716","(305) 933-1240","(954) 394-3716","burgess2011@outlook.com",""
"Simon Rimmington","Elite International Realty Inc","16139 Biscayne Blvd","Aventura","FL","33160","SEF3294060","SEFELTE01","3294060","(305) 940-6611","(954) 558-6537","(305) 940-6615","(954) 558-6537","simon@simonsellsmiami.com","http://www.eliteinternational.com"
"David Bekerman","Freedom Realty Group USA LLC","225 East Dania Beach Blvd.","Dania Beach","FL","33004","3285099","FDOM01","3285099","(786) 207-2590","(305) 951-4665","(888) 454-7391","(305) 951-4665","db9@bellsouth.net",""
"Osbourne Mowatt","Nuconcept Realty of N Dade Inc","419 S Federal Hwy","Dania Beach","FL","33004","0644844","NCTR","0644844","(305) 354-9626","(305) 710-8915","(305) 354-9616","(305) 710-8915","nuconceptrealty@hotmail.com",""
"Christopher Castellanos","LoKation Real Estate","1500 E. Atlantic Blvd.","Pompano Beach","FL","33060","SEF3291048","SEFRALE02","3291048","(954) 545-5583","(954) 274-9900","(954) 543-1818","(954) 274-9900","homeschurch@gmail.com","https://kcorealty.com/"
"Elaine Gennaro","Keller Williams Realty Profess","3696 N Federal Hwy Suite 101","Fort Lauderdale","FL","33308","SEF3286557","SEFKWPF01","3286557","(954) 630-7020","(954) 579-6672","(954) 630-7050","(954) 579-6672","elainegennaro@gmail.com",""
"Iryna Filenko","Melexis Realty, Inc.","15088 Pines Bvd","Pembroke Pines","FL","33027","SEF3283026","SEFMELX01","3283026","(305) 778-9793","(954) 864-3555","(305) 397-2944","(954) 864-3555","irynafilenko@gmail.com",""
"Marcelo Barbara","Miami New Realty","2470 N.W. 102 Pl","Doral","FL","33172","SEF3282877","SEFMNRE01","3282877","(305) 485-3100","(305) 992-1873","(305) 437-7688","(305) 992-1873","marcelo@dolphindistributors.com",""
"Christopher Johnston","BHHS EWM Realty","2750 NE 185 ST","Aventura","FL","33180","SEF3279375","SEFEWM 41","3279375","(305) 937-2003","(786) 584-2755","(305) 960-5280","(786) 584-2755","Chris@CJMiami.com","https://www.ewm.com/"
"Celia Torres","The Keyes Company","2822 NE 187th Street","Aventura","FL","33180","SEF0708859","SEFKEYE17","0708859","(305) 931-8920","(954) 309-3111","(305) 931-9853","(954) 309-3111","celiatorres3111@gmail.com","http://www.keyes.com/"
"Justo Gomez","Beachfront Realty Inc","18205 Biscayne Blvd","Aventura","FL","33160","SEF3276521","SEFROBR01","3276521","(305) 405-0615","(954) 494-0561","(305) 933-1240","(954) 494-0561","justohgomez@gmail.com",""
"Michelle Petranek","Image Setters Realty","19801 East Country Club Drive","Aventura","FL","33180","SEF3078871","SEFIMSR01","3078871","(305) 936-9229","(954) 243-8954","(305) 936-1260","","michellepetranek@yahoo.com",""
"Debra Pierce","Coral Shores Realty","8320 W Sunrise Blvd Ste 104","Plantation","FL","33322","SEF3271197","SEFCRSH01","3271197","(954) 568-9698","(954) 540-7734","(954) 568-9927","(954) 540-7734","debrapiercerealtor@gmail.com","http://www.coralshoresrealty.com"
"Nathalie Lessard","Coldwell Banker Realty","3319 Sheridan St","Hollywood","FL","33021","SEF3134995","SEFCBRE37","3134995","(954) 963-1600","(954) 261-7163","(954) 987-2478","(954) 261-7163","southflorida2012@gmail.com","https://www.coldwellbanker.com/"
"Maria Sanchez","LoKation Real Estate","1500 E. Atlantic Blvd.","Pompano Beach","FL","33060","SEF3129357","SEFRALE02","3129357","(954) 545-5583","(954) 850-4221","(954) 543-1818","(954) 850-4221","merysan04@gmail.com","https://kcorealty.com/"
"John D'Alessio","Beachfront Realty Inc","18205 Biscayne Blvd","Aventura","FL","33160","SEF3027513","SEFROBR01","3027513","(305) 405-0615","(954) 629-7110","(305) 933-1240","(954) 629-7110","dalessiojohn@gmail.com",""
"Curtis Allen","Florida Fidelity Group Inc","1800 NE 114 St Ste 1202","North Miami","FL","33181","SEF3257168","SEFOPRE01","3257168","(305) 213-5409","(954) 826-1789","","(954) 826-1789","curtisalexanderallen@yahoo.com",""
"Shari Kwitney","Beachfront Realty Inc","18205 Biscayne Blvd","Aventura","FL","33160","SEF0641804","SEFROBR01","0641804","(305) 405-0615","(305) 632-4202","(305) 933-1240","(305) 632-4202","ShariKwitney@aol.com",""
"Andreina Hernandez","Canvas Real Estate","2734 E Oakland Park Blvd","Fort Lauderdale","FL","33306","SEF3251921","SEFCREE01","3251921","(954) 880-2550","(954) 864-7716","(954) 396-4455","(954) 864-7716","andreinajhernandez@gmail.com","https://www.canvasre.com/"
"Valentin Ciulache","Beachfront Realty Inc","18205 Biscayne Blvd","Aventura","FL","33160","SEF3261411","SEFROBR01","3261411","(305) 405-0615","(954) 558-7217","(305) 933-1240","","vlt68ro@yahoo.com",""
"Dodley Emmanuel Jr.","The Keyes Company","4700 Sheridan St","Hollywood","FL","33021","SEF3261944","SEFKEYE31","3261944","(954) 893-1322","(954) 648-3423","(954) 987-6432","","dee.realtorassociate@gmail.com","http://www.keyes.com/"
"Brenda Garbacki Navarro PA","Key Lime Realty & Management, LLC","150 S. Pine Island Rd #300","Plantation","FL","33324","SEF3261144","SEFKLRM01","3261144","(954) 715-3040","(954) 628-2140","(954) 399-6927","(954) 628-2140","Garbacki.b@gmail.com",""
"Mildred Krei","The Keyes Company","4700 Sheridan St","Hollywood","FL","33021","SEF3033256","SEFKEYE31","3033256","(954) 893-1322","(954) 648-4363","(954) 987-6432","","krei@bellsouth.net","http://www.keyes.com/"
"Albert Arnold","The Keyes Company","1520 E Sunrise Blvd","Fort Lauderdale","FL","33304","SEF3247773","SEFKEYE23","3247773","(954) 467-0105","(954) 920-4574","(954) 467-2722","(954) 309-1697","ihaveapad4u@aol.com","http://www.BethPatterson.keyes.com"
"Limor Arika","Beachfront Realty Inc","18205 Biscayne Blvd","Aventura","FL","33160","SEF636938","SEFROBR01","0636938","(305) 405-0615","(305) 902-0394","(305) 933-1240","(305) 902-0394","limorarika@protonmail.com",""
"Wanda Bravo","Prestige Sales Group, inc.","2655 Le Jeune Road","Coral Gables","FL","33134","SEF0684995","SEFPSGP01","0684995","(305) 992-1911","(786) 312-8254","","(786) 312-8254","webravo11@gmail.com",""
"Wes Myers Jr","United Realty Group Inc","1200 S Pine Island Rd","Plantation","FL","33324","SEF3215070","SEFUNGR01","3215070","(954) 450-2000","(954) 261-5568","(954) 670-1821","(954) 261-5568","wesmyers007@gmail.com",""
"Cory Levy","Coldwell Banker Realty","3319 Sheridan St","Hollywood","FL","33021","SEF3212872","SEFCBRE37","3212872","(954) 963-1600","(305) 321-7027","(954) 987-2478","(305) 321-7027","clevysells@gmail.com","https://www.coldwellbanker.com/"
"Gigi Zinn","Rent Today Realty, LLC","616 Atlantic Shores Blvd Ste B","Hallandale","FL","33009","SEF0621392","SEFRTRY01","0621392","(954) 744-4849","(305) 987-4269","(954) 744-4593","(305) 987-4269","chosengigi@gmail.com",""
"Moses Joseph","NB Elite Realty","1101 Brickell Ave","Miami","FL","33131","SEF3281339","SEFNBER01","3281339","(844) 444-6237","(954) 374-3233","(713) 807-8763","(954) 374-3233","info@mosesjoseph.com","http://www.nbeliterealty.com"
"Damian Garcia","Fortune International Realty","2666 Brickell Ave.","Miami","FL","33129","SEF3247273","SEFFINR02","3247273","(305) 856-2600","(305) 321-8642","(305) 857-3636","(305) 321-8642","damian@DDrealtyTeam.com",""
"Sharon Migicovsky","MMLS Assoc.-Inactive Member","700 S. Royal Poinciana Blvd.","Miami","FL","33166","SEF3067299","SEFTERM","3067299","(305) 468-7000","(954) 394-3208","(305) 468-7000","","misacb@aol.com",""
"Micheli Melo Giordano","Florida Brokers Real Estate","1707 E Hallandale Beach Blvd","Hallandale Beach","FL","33009","SEF3244683","SEFFBES01","3244683","(954) 640-9111","(786) 619-6860","(954) 640-9110","","michelizuppi@hotmail.com",""
"James Allyn White","MMLS Assoc.-Inactive Member","700 S. Royal Poinciana Blvd.","Miami","FL","33166","SEF3259781","SEFTERM","3259781","(305) 468-7000","(305) 619-1959","(305) 468-7000","(305) 619-1959","Azjimbo2@gmail.com",""
"Sally Ragsdale","Beachfront Realty Inc","18205 Biscayne Blvd","Aventura","FL","33160","SEF0665611","SEFROBR01","0665611","(305) 405-0615","(954) 661-8018","(305) 933-1240","","sragss@comcast.net",""
"Edgar Rojas","Keller Williams Realty SW","2000 NW 150 Ave. , Suite 1100","Pembroke Pines","FL","33028","SEF3122570","SEFKWSE01","3122570","(954) 237-0400","(954) 549-0681","(954) 237-0401","(954) 549-0681","edgar.w.rojas@gmail.com",""
"Maria De Los Angeles Perez","American Realty Experts","5801 NW 151 St, Suite 306","Miami Lakes","FL","33014","SEF3136407","SEFLKVW","3136407","(888) 835-0881","(305) 308-6711","(888) 959-7273","","mpaeverest339@aol.com","http://www.amrealtyexperts.com"
"Jorge Palacios","Key Brokers Inc","222 N Federal Highway #104","Dania Beach","FL","33004","SEF3260493","SEFKBKR01","3260493","(305) 494-1521","(954) 591-0274","(954) 653-9879","(954) 591-0274","buyrealtor@gmail.com",""
"Mireya Angel","Optimar International Realty","18246 Collins Avenue","Sunny Isles Beach","FL","33160","SEF0395521","SEFOPTI01","0395521","(305) 947-0477","(954) 817-6794","(305) 930-7418","(954) 817-6794","angelmireyarealtor@gmail.com","http://www.optimar.com"
"Bruno Girard PA","MMLS Assoc.-Inactive Member","700 S. Royal Poinciana Blvd.","Miami","FL","33166","SEF0676705","SEFTERM","0676705","(305) 468-7000","(305) 331-1134","(305) 468-7000","(305) 331-1134","bruno@brunogirardpa.com",""
"Alfred Bader","Fathom Realty FL LLC","1946 Tyler Street","Hollywood","FL","33020","SEF3026951","SEFFHMR01","3026951","(888) 455-6040","(954) 559-2002","","(954) 559-2002","Floridabroker954@gmail.com","http://www.FathomRealty.com"
"Janet Huston","Canvas Real Estate","2734 E Oakland Park Blvd","Fort Lauderdale","FL","33306","SEF3207820","SEFCREE01","3207820","(954) 880-2550","(954) 295-2077","(954) 396-4455","","jhuston@canvasre.com","https://www.canvasre.com/"
"Martha Rodriguez","Yaffe International Realty","19300 W Dixie Hwy","Aventura","FL","33180","SEF3187846","SEFYAFF01","3187846","(305) 741-0002","(786) 370-9347","(305) 933-2835","(786) 370-9347","marthab_55@hotmail.com",""
"Dean Menendez","Equity Evaluation","1102 SE 6th Ave.","Dania Beach","FL","33004","SEF6001265","SEFEEVA01","6001265","(954) 270-3898","(954) 270-3898","(954) 920-7006","","eqtevals@bellsouth.net",""
"Luz Olarte","Beachfront Realty Inc","18205 Biscayne Blvd","Aventura","FL","33160","SEF3102025","SEFROBR01","3102025","(305) 405-0615","(754) 423-4600","(305) 933-1240","(754) 423-4600","luzolartem@hotmail.com",""
"Gary Garcia","Beachfront Realty Inc","18205 Biscayne Blvd","Aventura","FL","33160","SEF3232741","SEFROBR01","3232741","(305) 405-0615","(754) 245-4010","(305) 933-1240","(754) 245-4010","realtorgaryg@yahoo.com",""
"Lioudmila Tokmakova","Brokers, LLC","20200 W. Dixie Hwy. Suite G-07","Aventura","FL","33180","SEF3095592","SEFBRKR01","3095592","(954) 384-1616","(954) 790-5051","(954) 697-0447","(954) 790-5051","atokmakova@yahoo.com","http://www.brokersinvestments.com"
"Athena Giordano","Coldwell Banker Realty","3319 Sheridan St","Hollywood","FL","33021","SEF0658345","SEFCBRE37","0658345","(954) 963-1600","(954) 471-7406","(954) 987-2478","(954) 471-7406","Posh68@aol.com","https://www.coldwellbanker.com/"
"Karina Herrera","MMLS Assoc.-Inactive Member","700 S. Royal Poinciana Blvd.","Miami","FL","33166","SEF3223086","SEFTERM","3223086","(305) 468-7000","(786) 273-0562","(305) 468-7000","(786) 273-0562","Karinamhp@gmail.com",""
"Valentina Kogan","Hot Miami Realty","909 North Miami Beach Blvd, Su","North Miami Beach","FL","33162","SEF3076317","SEFHOTM01","3076317","(754) 244-9293","(754) 244-9293","(305) 944-8055","","kogan@doctor.com","http://www.hotmiamirealty.com"
"Malika Kabbouchi","Beachfront Realty Inc","18205 Biscayne Blvd","Aventura","FL","33160","SEF3082743","SEFROBR01","3082743","(305) 405-0615","(305) 600-6373","(305) 933-1240","(305) 600-6373","u-g-g@live.com",""
"Lourdes Delgado","Global Luxury Realty LLC","1688 Meridian Ave","Miami Beach","FL","33139","SEF3042857","SEFBGAR01","3042857","(305) 968-9442","(305) 742-5804","(305) 396-5948","","lromero1165@hotmail.com","http://www.bgrealestate.biz"
"Amado Diaz","Pinnacle Realty Assoc., Inc.","4700 Sheridan St, Suite J","Hollywood","FL","33021","SEF0674319","SEFPINA01","0674319","(954) 587-8228","(954) 914-3434","(888) 286-1441","","amadodiaz@hotmail.com",""
"Maria Koller","Beachfront Realty Inc","18205 Biscayne Blvd","Aventura","FL","33160","SEF0665489","SEFROBR01","0665489","(305) 405-0615","(305) 861-1664","(305) 933-1240","","nadako@aol.com",""
"Adam Walder","BHHS EWM Realty","2750 NE 185 ST","Aventura","FL","33180","SEF0634553","SEFEWM 41","0634553","(305) 937-2003","(954) 914-9035","(305) 960-5280","(954) 914-9035","adamthe1realtor@aol.com","https://www.ewm.com/"
"Ruby Gonzalez","Cabezas Realty Inc.","5661 SW 8th St","Coral Gables","FL","33134","SEF0633134","SEFCBEZ01","0633134","(305) 266-9833","(786) 295-9912","(305) 266-6162","","ruby6167@yahoo.com",""
"Mariette Godbout","RE/MAX 5 Star Realty","4151 Hollywood Blvd","Hollywood","FL","33021","SEF0560945","SEFDBRG01","0560945","(954) 361-0000","(954) 551-5164","(954) 361-0070","(954) 551-5164","godboutm@earthlink.net",""
"Juan Onaindia","The Keyes Company","4700 Sheridan St","Hollywood","FL","33021","SEF0544616","SEFKEYE31","0544616","(954) 893-1322","(954) 294-6435","(954) 987-6432","","juanonaindia@keyes.com","http://www.keyes.com/"
"Marguerite Huet","United Realty Group Inc","1200 S Pine Island Rd","Plantation","FL","33324","SEF0550815","SEFUNGR01","0550815","(954) 450-2000","(954) 290-9731","(954) 670-1821","(954) 290-9731","marghuet@gmail.com",""
"Alcides Gutierrez","Keller Williams Elite Properties","20801 Biscayne Blvd","Aventura","FL","33180","SEF3250228","SEFEPKW01","3250228","(305) 931-2224","(305) 771-5335","","(954) 383-2422","alcidesmartinfl@outlook.com",""
"Gladys Lell","Affinity International Realty","999 Brickell Ave. Suite 540","Miami","FL","33131","SEF3260622","SEFUABI01","3260622","(305) 376-4145","(954) 279-8090","(305) 755-0223","(954) 270-8090","lellgladys@gmail.com","http://www.AffinityMiami.com"
"David Cooper","David A. Cooper","550 SE 13 Street","Dania Beach","FL","33004","634097","DACO","634097","(954) 588-5750","(954) 588-5750","","(954) 588-5750","dchomes@hotmail.com",""
"Charlene Corso","Access USA Realty, Inc","6424 N University Dr.","Tamarac","FL","33321","3261121","800515","3261121","(954) 720-7200","(954) 826-7026","(954) 724-9999","","southfloridachar@gmail.com",""
"Bryan Mugione","Suncoast Realty Associates Inc","3170 N Federal Hwy","Lighthouse Point","FL","33064","0647252","SNRA","0647252","(754) 222-9034","(954) 263-8746","(954) 357-1008","","muge920@aol.com",""
"Joe Marinari","Bex Realty LLC","104 SE 8th Ave.","Fort Lauderdale","FL","33301","3096276","BOER04","3096276","(954) 522-3663","(954) 815-6055","","","JoeMarinari@BEXRealty.com",""
"Lilli Schipper","Douglas Elliman","450 E LAS OLAS BLVD STE 140","FORT LAUDERDALE","FL","33301","3095845","DGEF04","3095845","(954) 874-0740","(954) 347-7402","(954) 847-0749","","lilli@realestatebylilli.com","https://www.elliman.com/florida"
"Traian Pircalabu","LoKation Real Estate","1500 E. Atlantic Blvd.","Pompano Beach","FL","33060","3087016","802518","3087016","(954) 545-5583","(954) 650-6600","(954) 543-1818","(954) 650-6600","traianp75@yahoo.com","https://kcorealty.com/"
"Rose Killian","Florida Capital Realty","8001 SW 24th St.","Miami","FL","33155","3075076","802610","3075076","(786) 953-5870","(954) 232-9022","(866) 735-7140","(954) 232-9022","rosekillian@gmail.com","http://www.floridacapitalrealty.com"
"Rich Aube","For Life Realty II Inc","324 Indiana Street","Hollywood","FL","33019","618644","FRLR01","618644","(954) 922-9411","(954) 922-9411","(954) 252-2217","(954) 336-5110","RAube@ForLifeRealty.com","http://www.forliferealty.com"
"Jimmy Villarroel","RealPro Inc","233 N Federal Highway #65","Dania Beach","FL","33004","3009858","278002443","3009858","(754) 581-8555","(954) 894-3600","(888) 491-5633","(954) 557-4257","jimmy@realpro.com","http://www.realpro.com"
"Milton Jones","Milton L. Jones Realty Inc","9 NW 4th Ave Ste A","Dania","FL","33004","163866","0941","163866","(954) 927-5285","(954) 467-3072","(954) 920-1799","(954) 849-6966","regaltrce@aol.com",""
